Complexity,Loss,Equation
1,2516.8416,"457.29547"
3,716.8239,"(1130.7079 * X)"
5,23.667183,"((51.124393 * X) ^ 1.5018259)"
7,2.521576,"(((51.124393 - 0.2605347) * X) ^ 1.5018259)"
