Complexity,Loss,Equation
1,2516.8416,"442.2253"
3,716.83624,"(1130.5964 * X)"
5,1.9682274,"(363.80606 * (X ^ 1.5037181))"
7,1.7280655,"((363.4379 * (X ^ 1.5041286)) - -1.0483183)"
9,1.0676295,"((365.07672 + (0.3747542 * X)) * (X ^ 1.4978637))"
11,0.84694165,"(((365.07672 + (0.3747542 * X)) * (X ^ 1.4978637)) + -0.38386503)"
13,0.7528,"(((365.07672 + (0.3747542 * X)) * (X ^ 1.4978637)) + (-0.38386503 / X))"
