Complexity,Loss,Equation
1,2516.8416,"577.12164"
3,716.9966,"(1129.168 * X)"
5,1.9864693,"(364.16144 * (X ^ 1.5032846))"
7,1.4252294,"((361.86948 * (X ^ 1.5060052)) + 2.046207)"
9,1.0005798,"(((367.09628 + X) * (X ^ 1.4884399)) + -2.718722)"
11,0.4386724,"((364.16168 + ((1.5067605 + -1.0742068) * X)) * (X ^ 1.4982973))"
17,0.42898178,"((364.51648 * (X ^ 1.5028504)) + (X / ((((X * X) * -0.4040723) + X) + X)))"
19,0.42196146,"(((364.51648 * (X ^ 1.5028504)) + (X / ((((X * X) * -0.4040723) + X) + X))) - 0.020833386)"
