Complexity,Fitness,Equation 0
1,0.91763484,672.
3,0.262918,1.09e+3*X
5,0.021739606,332.0*X**1.55
7,0.0007854954,363.0*X**1.5
9,0.0007182887,X + 363.0*X**1.5
