Complexity,Fitness,Equation 0
1,0.91763484,367.
3,0.26167122,1.12e+3*X
5,0.048391066,345.0*X**1.51
7,0.0007067355,363.0*X**1.5
9,0.0005950736,362.0*X**1.51 + 1.77
11,0.0005706071,X + 361.0*X**1.51 + 2.66
