Complexity,Fitness,Equation 0
1,0.91763484,680.
3,0.261503,1.13e+3*X
5,0.12992397,118.0*X**2
7,0.065741636,101.0*X*(X + 1.92)
9,0.030692719,-9.72*X*(-8.75*X - 33.2)
11,0.013019953,(2.75 - 8.66*X)*(-7.83*X - 60.8)
13,0.007677208,(2.85*X + 1.37)**(2.42 + 3.79/(X + 1.3))
