Complexity,Fitness,Equation 0
1,0.91763484,532.
3,0.26573431,1.02e+3*X
5,0.0007610066,363.0/(1/X)**1.5
7,0.0006175156,363.0/(1/X)**1.5 + 1.31
9,0.0005557906,X + 360.0/(1/X)**1.51 + 1.36
