Complexity,Fitness,Equation 0
1,0.91763484,651.
3,0.27066875,903.0*X
5,0.108917885,273.0*(0.198*X + 1)**3.47
7,0.0007138264,363.0*X**1.5
9,0.00057777175,361.0*X**1.51 + 1.32
