Complexity,Fitness,Equation 0
1,0.91763484,686.
3,0.27169076,878.0*X
5,0.12309161,119.0*X**2
7,0.0008101442,362.0*X**1.51
