Complexity,Fitness,Equation 0
1,0.91763484,543.
3,0.2615072,1.13e+3*X
5,0.1124329,214.0*(0.216*X + 1)**3.5
7,0.00095336174,364.0*X**1.5
11,0.00063743367,5.69*X**0.505*(63.7*X + 0.505)
