Complexity,Fitness,Equation 0
1,0.91763484,684.
3,0.26864028,953.0*X
5,0.00084241654,365.0*X**1.5
7,0.00084238686,365.0*X**1.5 - 0.017
9,0.0007222827,363.0*X**1.5
11,0.00067549327,364.0*X**1.5 + 1.2
13,0.0006187266,X + 361.0*X**1.51 + 0.804
