Complexity,Fitness,Equation 0
1,0.91763484,408.
3,0.26281726,1.1e+3*X
5,0.12230822,119.0*X**2
7,0.031095814,85.2*X*(X + 3.78)
9,0.012225021,65.2*(X - 0.366)*(X + 8.55)
11,0.011192279,(7.61*X - 2.7)*(8.58*X + 72.9)
13,0.01113865,(5.99*X + 50.8)*(10.9*X - 3.82)
