Complexity,Fitness,Equation 0
1,0.91763484,629.
3,0.261837,1.12e+3*X
5,0.10810604,276.0*(0.198*X + 1)**3.46
7,0.03147562,85.3*X*(X + 3.77)
9,0.00071853714,364.0*X**1.5
11,0.0005853365,363.0*X**1.51 + 1.73
13,0.00026194108,75.1*X**1.54*(X**(-0.201) + 3.87)
