Complexity,Fitness,Equation 0
1,0.91763484,431.
3,0.26194322,1.12e+3*X
5,0.00071473554,363.0*X**1.5
9,0.0006671766,364.0*X**1.5 + 0.688
11,0.00063778926,364.0*X**1.5 + 1
