Complexity,Fitness,Equation 0
1,0.91763484,366.
3,0.26170066,1.12e+3*X
5,0.004227883,356.0/(1/X)**1.51
7,0.0030846144,356.0/(1/X)**1.51 + 7.7
9,0.0027241735,-2.3*X + 370.0/(1/X)**1.5
11,0.0026353565,0.0242*X + 359.0/(1/X)**1.51 + 0.965
