Complexity,Fitness,Equation 0
1,0.91763484,384.
3,0.26329607,1.08e+3*X
5,0.11596052,499.0*X**1.3
7,0.0009222687,364.0*X**1.5
9,0.0008920006,X + 360.0*X**1.51
