Complexity,Fitness,Equation 0
1,0.91763484,552.
3,0.26316035,1.09e+3*X
5,0.12187755,119.0*X**2
7,0.00079679367,364.0*X**1.5
9,0.0006410341,363.0*X**1.5 + 1.37
