Complexity,Fitness,Equation 0
1,0.91763484,436.
3,0.26336345,1.08e+3*X
5,0.10790752,273.0*(0.198*X + 1)**3.47
7,0.00080785854,365.0*X**1.5
9,0.0005526019,360.0*(X + 0.00731)**1.51
