Complexity,Fitness,Equation 0
1,0.91763484,531.
3,0.26134384,1.13e+3*X
5,0.10804319,273.0*(0.198*X + 1)**3.47
7,0.004631946,372.0*X**1.49
9,0.0008071738,365.0*X**1.5
