Complexity,Fitness,Equation 0,Equation 1
2,2.0664778,-0.339,-0.142
4,0.7506088,-4.88*x0,x0
6,0.7225297,-0.336*x0*x1,-0.394
8,0.69003844,-0.411*x0*x1,-0.891*x1
10,0.58485234,x0*(1.03 - x1),x1*(x0 - 1.51)
12,0.32888785,x0*(1.75 - 0.415*x1),0.323*x0 - 1.04
14,0.21631646,-0.379*x0*x1 + x0 + 0.0485,0.289*x0 - 1.14
16,0.21588185,-0.4*x0*x1 + x0 + 0.0747,0.294*x0 - 1.12
