Complexity,Fitness,Equation 0,Equation 1
2,2.0664752,-0.339,0.548
4,0.75060874,-4.88*x0,0.609
6,0.7225262,-0.336*x0*x1,-0.393
8,0.69003785,-0.41*x0*x1,-0.893*x1
10,0.56768054,-x0*x1 + 0.582,0.192*x0 - 0.976
12,0.33087987,x0*(1.68 - 0.407*x1),0.32*x0 - 1.07
14,0.20406866,x0*(1.23 - 0.387*x1) + 0.0445,0.295*x0 - 1.1
16,0.06047469,-0.398*x0*x1 + x0,0.112*x1*(x0 - 4.01)
20,0.028979633,-0.405*x0*x1 + 1.08*x0,0.103*x1*(x0 - 3.99)
