Complexity,Fitness,Equation 0,Equation 1
2,1.6855617,-0.312,x1
4,0.96354127,-2.38*x0,0.159
6,0.9237703,1.66 - 3.06*x0,0.809
8,0.8739491,-0.428*x0*x1,-1.15*x1
10,0.82744527,x0*(1.82 - 0.378*x1),x0 - 1.46
12,0.5991172,x0*(1.3 - 0.289*x1),0.422*x0 - 1.36
14,0.5369266,-0.357*x0*x1 + x0 + 0.0102,0.29*x0 - 1.17
16,0.20084336,x0*(1.15 - 0.419*x1),x1*(0.107*x0 - 0.405)
18,0.03280338,x0*(1.06 - 0.401*x1),0.592*x1*(0.181*x0 - 0.713)
