Complexity,Fitness,Equation 0,Equation 1
2,2.651656,-0.453,-0.309
4,0.72788817,-4.75*x0,-0.642
6,0.7121266,-0.352*x0*x1,-0.643
8,0.7009548,-0.355*x0*x1 + 0.146,-0.667
10,0.43519706,-0.458*x0*(x1 - 1.36),-0.552*x1
12,0.43490103,-0.462*x0*x1 + 0.638*x0,-0.545*x1
14,0.06709881,-0.454*x0*x1 + x0,0.124*x1*(x0 - 4.08)
16,0.031467456,-0.395*x0*x1 + 1.16*x0,0.0925*x1*(x0 - 4.01)
24,0.019871838,-0.388*x0*(x1 + 0.548) + 1.33*x0,0.199*x1*(0.479*x0 - 1.91)
