Complexity,Fitness,Equation 0,Equation 1
2,2.6509287,-0.461,x1
4,0.72788817,-4.75*x0,0.573
6,0.712124,-0.352*x0*x1,-0.645
8,0.66950595,x0*(0.91 - x1),x0 - x1
10,0.43427688,x0*(0.636 - 0.444*x1),-0.525*x1
12,0.24533843,-2.87*x0*(x1 - 0.32),x1*(x0 - 3.49)
14,0.108492956,x0*(1.09 - 0.389*x1),0.108*x1*(x0 - 3.71)
16,0.01927428,x0*(1.12 - 0.401*x1),0.0997*x1*(x0 - 3.95)
