Complexity,Fitness,Equation 0,Equation 1
2,2.286028,-0.344,-0.162
4,0.86953187,-3.96*x0,-0.323
6,0.8505589,-0.327*x0*x1,-0.353
8,0.7417474,-x0*x1 + 0.581,x0 - 1.3
10,0.60896695,-x0*x1 + 1.01,0.261*x0 - 1.07
12,0.4924277,0.402*x0*(3.49 - x1) + 0.0103,x0 - 1.31
14,0.2503112,-0.394*x0*(x1 - 2.86) + 0.0704,0.302*x0 - 1.08
16,0.07129459,-0.418*x0*x1 + x0,0.108*x0*x1 - 0.46*x1
18,0.028321948,-0.407*x0*(x1 - 2.71),0.104*x0*x1 - 0.407*x1
20,0.020567097,-0.396*x0*(x1 - 2.7),0.101*x0*x1 - 0.41*x1
