Complexity,Fitness,Equation 0,Equation 1
2,2.2859843,-0.346,-0.165
4,0.86953187,-3.96*x0,1.86
6,0.85055006,-0.327*x0*x1,-0.356
8,0.7384443,-x0*x1 + 0.479,x0 - 1.27
10,0.61915123,-x0*x1 + 1.06,0.291*x0 - 1.09
12,0.48541132,x0*(1.48 - 0.41*x1) + 0.0165,x0 - 1.27
14,0.24809045,x0*(1.18 - 0.398*x1) + 0.0673,0.277*x0 - 1.06
16,0.083482966,-0.436*x0*x1 + x0,0.234*x1*(0.518*x0 - 2.08)
