Complexity,Fitness,Equation 0,Equation 1
2,2.0108628,-0.314,x1
4,0.96444416,-4.1*x0,x1
6,0.93515277,-x0*x1 + 1.6,-0.195
8,0.91763437,-0.428*x0*x1,-1.19*x1
10,0.9066417,x1*(-0.329*x0 - 0.196) + 2.59,-0.0916
12,0.90326226,-0.405*x0*x1 + 2.26*x0,x0 - 0.588
16,0.34752947,-0.662*x0*(x1 - 1.19),-0.488*x1*(1.98 - 0.484*x0)
18,0.05443025,-0.417*x0*(x1 - 2.38),-0.22*x1*(2.13 - 0.519*x0)
20,0.009064674,-0.396*x0*(x1 - 2.81),-0.168*x1*(2.32 - 0.582*x0)
