Complexity,Fitness,Equation 0,Equation 1
2,1.9139118,-0.239,0.268
4,0.9664254,-3.69*x0,x1
6,0.94130176,1.49 - 3.93*x0,1.34
8,0.8970165,-0.439*x0*x1,-1.31*x1
10,0.883426,-0.335*x1*(x0 + 0.601) + 2.76,-0.0901
12,0.8792015,-0.339*x1*(x0 + 0.592) + 2.83,-0.0701*x0
