Complexity,Fitness,Equation 0,Equation 1
2,2.1571488,-0.287,x0
4,0.8358577,-5.27*x0,x0
6,0.7978818,-0.339*x0*x1,-0.351
8,0.7414493,-0.439*x0*x1,-1.08*x1
10,0.6018598,-x0*x1 + 0.748,0.157*x0 - 0.988
12,0.37339228,-0.448*x0*(x1 - 3.97),0.238*x0 - 0.907
14,0.020051766,-0.401*x0*(x1 - 2.84),x1*(0.0979*x0 - 0.385)
