Complexity,Fitness,Equation 0,Equation 1
2,2.1571636,-0.289,0.878
4,0.8358574,-5.27*x0,-0.232
6,0.79784906,-0.336*x0*x1,-0.349
8,0.7414692,-0.438*x0*x1,-1.08*x1
10,0.674688,-0.453*x0*(x1 - 4.91),x0 - 1.39
12,0.41099316,-0.419*x0*(x1 - 3.33),0.256*x0 - 1.0
14,0.02076895,-0.406*x0*(x1 - 2.66),0.104*x1*(x0 - 3.98)
16,0.020692073,-0.396*x0*(x1 - 2.75),0.101*x1*(x0 - 4.0)
18,0.010571683,-0.401*x0*(x1 - 2.78),0.0985*x1*(x0 - 4.01)
