Complexity,Fitness,Equation 0,Equation 1
2,1.9224632,-0.359,1.03
4,0.8868698,-4.11*x0,x1
6,0.86204225,-0.311*x0*x1,-0.391
8,0.82220376,-0.339*x0*x1 + 0.557,-0.395
10,0.7204825,-0.321*x0*x1 + 0.461,x0 - 1.6
12,0.4801151,-0.615*x0*x1 + 0.389,0.183*x0 - 1.09
14,0.25316933,-0.406*x0*x1 + x0 + 0.106,0.248*x0 - 1.06
16,0.24281189,-0.381*x0*x1 + 1.29*x0 + 0.0391,0.261*x0 - 1.05
18,0.24156699,-0.38*x0*x1 + 1.23*x0 + 0.042,0.247*x0 - 1.04
20,0.23899627,-0.39*x0*x1 + 1.31*x0 + 0.0524,0.238*x0 - 1.01
