Complexity,Fitness,Equation 0,Equation 1
2,1.922383,-0.357,-0.130
4,0.8868698,-4.11*x0,x1
6,0.86204404,-0.312*x0*x1,-0.391
8,0.76404834,-x0*x1 + 0.571,x0 - 1.28
10,0.5914316,-x0*x1 + 0.642,0.23*x0 - 1.03
12,0.36688447,x0*(0.709 - 1.93*x1),x1*(x0 - 3.29)
14,0.04255261,-0.419*x0*(x1 - 2.47),x1*(0.114*x0 - 0.451)
18,0.024499778,x0*(1.06 - 0.4*x1),-0.897*x0*x1 + x1*(x0 - 0.419)
