Complexity,Fitness,Equation 0,Equation 1
2,1.9660933,-0.295,-0.122
4,0.8891963,-4.04*x0,0.252
6,0.8717582,-0.322*x0*x1,-0.474
8,0.74915564,-x0*x1 + 0.403,x0 - 1.29
10,0.71915907,-4.23*x0 + 1.44/x1,x0 - 1.31
12,0.52011484,-0.228*x0*x1 + x0,0.37*x0 - 1.42
14,0.24839172,-0.332*x0*(x1 - 3.7) + 0.0477,0.277*x0 - 1.09
18,0.24534088,-0.341*x0*x1 + 1.22*x0 + 0.0432,x0*(0.293 - 1.11/x0)
