Complexity,Fitness,Equation 0,Equation 1
2,1.967052,-0.289,0.115
4,0.88919616,-4.04*x0,2.61
6,0.8717543,-0.322*x0*x1,-0.482
8,0.8430071,-0.335*x0*x1 + 0.404,-0.506
10,0.73636377,-0.415*x0*x1 + 0.408,x0 - 1.47
12,0.50695944,-0.422*x0*(x1 - 3.05),0.325*x0 - 0.325*x1
14,0.25119516,-0.319*x0*(x1 - 3.78) + 0.0313,0.262*x0 - 1.11
