Complexity,Fitness,Equation 0,Equation 1
2,1.9433308,-0.286,-0.124
4,0.965516,-3.69*x0,x1
6,0.9522604,1.0 - 4.11*x0,x1
8,0.9113475,-0.421*x0*x1,-1.15*x1
10,0.86544347,x0*(2.18 - 0.462*x1),x0 - 1.3
12,0.56121504,x0*(0.643 - 1.42*x1),x1*(x0 - 2.89)
14,0.015781816,x0*(1.12 - 0.402*x1),0.098*x1*(x0 - 4.01)
