Complexity,Fitness,Equation 0,Equation 1
2,2.2867842,-0.388,x1
4,0.9544718,-3.68*x0,x0
6,0.9370606,1.22 - 4.1*x0,-0.0716
8,0.90413994,-0.426*x0*x1,-1.06*x1
10,0.902442,-0.392*x0*(x1 - 0.0793),-0.867*x1
12,0.71950567,-0.269*x0*(x1 - 3.46),0.334*x0 - 1.38
14,0.03662826,-0.39*x0*(x1 - 2.85),x1*(0.0996*x0 - 0.389)
16,0.016069654,-0.403*x0*(x1 - 3.68) - 0.403*x0,x1*(0.104*x0 - 0.414)
