Complexity,Fitness,Equation 0,Equation 1
2,2.0603404,-0.382,0.749
4,0.80750793,-4.94*x0,x1
6,0.7731011,-0.331*x0*x1,-0.357
8,0.73706853,-x0*x1 + 0.477,x0 - 1.23
10,0.7191552,x0*(0.714 - 0.767*x1),x0 - x1
12,0.49734792,-0.572*x0*x1 + 0.332,0.195*x0 - 1.07
14,0.053732537,-0.41*x0*x1 + x0,x1*(0.114*x0 - 0.46)
16,0.044164278,-0.404*x0*x1 + x0,(0.103*x0 - 0.427)*(x1 + 0.128)
18,0.041955292,-0.403*x0*x1 + 1.18*x0,0.157*x1*(0.607*x0 - 2.36)
