Complexity,Fitness,Equation 0,Equation 1
2,2.3051147,-0.382,x1
4,0.95864475,-4.35*x0,2.14
6,0.9321401,-x0*x1 + 1.9,-0.154
8,0.9023434,-0.432*x0*x1,-1.07*x1
10,0.90033746,x0*(0.0323 - 0.417*x1),-0.859*x1
12,0.6055098,x0*(0.568 - 0.763*x1),x1*(x0 - 2.56)
14,0.37915874,-0.419*x0*x1 + x0,0.14*x1*(x0 - 3.4)
16,0.02338746,-0.407*x0*x1 + 1.1*x0,0.103*x1*(x0 - 3.94)
18,0.016028363,-0.403*x0*x1 + 1.07*x0,0.105*x1*(x0 - 4.0)
