Complexity,Fitness,Equation 0,Equation 1
2,2.3927178,-0.392,0.789
4,0.78704023,-4.64*x0,-0.240
6,0.7650516,-0.341*x0*x1,-0.438
8,0.72326845,-x0*x1 + 0.364,x0 - 1.23
10,0.55717075,-x0*x1 + 0.633,0.178*x0 - 1.0
12,0.35435995,x0*(0.858 - 2.13*x1),x1*(x0 - 2.98)
14,0.05595493,x0*(1.18 - 0.38*x1),x1*(0.0855*x0 - 0.349)
16,0.050377935,x0*(1.15 - 0.397*x1),1.62*x1*(0.0613*x0 - 0.234)
18,0.0455444,x0*(1.03 - 0.421*x1),-0.931*x1*(0.49 - 0.121*x0)
