Complexity,Fitness,Equation 0,Equation 1
2,2.386735,-0.279,x0
4,0.7821097,-4.92*x0,x0
6,0.76777744,-0.35*x0*x1,-0.531
8,0.75478566,-0.354*x0*x1 + 0.193,-0.554
10,0.7108654,-0.333*x0*x1 + 0.365,x0 - 1.38
12,0.5382756,-0.404*x0*(x1 - 4.39) + 0.014,x0 - 1.2
14,0.042860642,-0.408*x0*x1 + x0,0.111*x1*(x0 - 4.11)
16,0.04009629,-0.412*x0*x1 + x0,0.367*x1*(0.307*x0 - 1.26)
20,0.03527965,-0.409*x0*(x1 - 2.47),0.683*x1*(0.162*x0 - 0.663)
22,0.030886624,-0.402*x0*x1 + 1.14*x0,0.296*x1*(0.323*x0 - 1.29)
