Complexity,Fitness,Equation 0,Equation 1
2,2.0900807,-0.276,x1
4,0.96145,-2.41*x0,0.312
6,0.93295443,1.4 - 3.0*x0,x1
8,0.8896358,-0.346*x0*x1 + 0.986,-0.153
10,0.8730651,-0.337*x1*(x0 + 0.536) + 2.41,-0.0885
12,0.55394435,-0.249*x0*x1 + x0,0.366*x0 - 1.42
14,0.06679022,-0.417*x0*x1 + x0,0.114*x1*(x0 - 4.09)
16,0.019332897,-0.401*x0*x1 + 1.09*x0,0.0991*x1*(x0 - 4.06)
