Complexity,Fitness,Equations
1,0.28402624,m2
3,0.13588037,m1 - 15.8
5,0.096935526,1.26*m1 - 1.26*r
7,0.04639587,m1 + m2 - 2.9*r
9,0.0015086493,m1 + m2 - 2.0*r - 23.4
