Complexity,Fitness,Equations
1,0.15971445,50.6
3,0.10440525,m2 - 11.0
5,0.079371855,1.23*m2 - r
7,0.04199017,m1 + m2 - 2.94*r
9,0.018396515,0.867*m1 + 0.867*m2 - 2.29*r
11,0.0016548642,m1 + m2 - 2.01*r - 23.1
