Complexity,Fitness,Equations
1,0.16389133,49.3
3,0.1112862,m1 - 11.1
5,0.099426605,m1 - 0.447*r
7,0.036858182,m1 + m2 - 2.96*r
9,0.004899751,m1 + m2 - 2.11*r - 20.9
11,0.0014510149,m1 + m2 - 2.01*r - 23.3
