Complexity,Fitness,Equations
1,0.1899736,45.8
3,0.14429072,m1 - 12.2
5,0.108254865,m1 - r + 12.4
7,0.030271433,0.319*m1*m2/r
9,0.0012499223,m1 + m2 - 2.01*r - 23.2
11,0.0012498465,m1 + m2 - 2.01*r - 23.2
