Complexity,Fitness,Equations
1,0.25903672,m1
3,0.1260141,m2 - 13.1
5,0.09717705,1.33*m2 - 1.33*r
7,0.02990629,0.322*m1*m2/r
9,0.0019029166,m1 + m2 - 2.0*r - 23.5
