Complexity,Fitness,Equations
1,0.2781176,m2
3,0.11982734,m1 - 15.7
5,0.09681094,20.2*m2/r
7,0.04070306,m1 + m2 - 2.89*r
9,0.0015944663,m1 + m2 - 2.01*r - 23.2
