Complexity,Fitness,Equation 0
1,0.11512934,47.6
3,0.0885525,m2**0.947
5,0.07090359,m2 - r + 14.1
7,0.041603804,m1 + m2 - 2.93*r
9,0.0014658973,m1 + m2 - 2.0*r - 23.3
