Complexity,Fitness,Equations
1,0.31275848,m2
3,0.1516434,m2 - 12.9
5,0.12989017,m2 - 0.537*r
7,0.05253894,m1 + m2 - 2.91*r
9,0.0014786347,m1 + m2 - 2.0*r - 23.4
11,0.0014782712,m1 + m2 - 2.0*r - 23.4
