Complexity,Fitness,Equations
1,0.21109308,m1
3,0.121087015,0.786*m2
5,0.07916769,19.4*m2/r
7,0.04455024,m1 + m2 - 2.95*r
9,0.010907253,m1 + m2 - 2.23*r - 18.0
11,0.0016133839,m1 + m2 - 2.0*r - 23.4
