Complexity,Fitness,Equations
1,0.18678796,47.8
3,0.13619451,m2 - 13.0
5,0.12589034,m2 - 0.485*r
7,0.045986455,m1 + m2 - 2.92*r
9,0.0016722295,m1 + m2 - 1.99*r - 23.7
