Complexity,Loss,Equation
1,8.140818,"45.9401"
3,5.524903,"(1154.3181 / r)"
5,3.730849,"(m2 / (r / 19.2699))"
7,1.2524467,"(m1 / ((r / 0.32085463) / m2))"
9,0.9974903,"((m1 / (r / (0.36925933 * m2))) - 7.4617467)"
11,0.085203804,"((m2 - (((r / 7.031804) + 1.6810223) * 14.022764)) + m1)"
13,0.084850565,"((m2 - ((((r / 7.034674) + 1.6373641) * 14.057708) + 0.46300283)) + m1)"
17,0.08201262,"(((m2 - (((r / 7.0318217) + 1.6809472) * 14.022754)) - (0.13034685 / (m2 - m1))) + m1)"
19,0.076985426,"(((m2 - (((r / 7.0318217) + 1.6809472) * 14.022754)) - ((0.13034685 * 0.4400873) / (m2 - m1))) + m1)"
