Complexity,Loss,Equation
1,8.017742,"49.019157"
3,5.4322944,"(m1 - 10.84186)"
5,3.762668,"((m1 + -71.86272) + m2)"
7,1.8885902,"(m1 + (m2 - (r - -47.575916)))"
9,0.07262478,"((m1 + (m2 - (r - -23.44883))) - r)"
11,0.071192235,"((m1 + (m2 - ((r - -23.503267) + r))) * 1.0011652)"
13,0.07030989,"(((m1 + (m2 - (r - (-23.467993 + -0.10989719)))) - r) * 1.0024443)"
17,0.067862764,"((-23.44883 + (m2 - ((r - m1) - (0.023803338 / (m1 - (-1.9382163 + m2)))))) - r)"
19,0.06512,"(-23.44883 + (m2 - (((r - m1) - (-0.019638602 / ((1.0297321 * m1) + (-2.9309664 * r)))) + r)))"
