Complexity,Loss,Equation
1,8.499451,"46.567333"
3,5.4843884,"(m1 - 13.341799)"
5,3.9742634,"((m1 - r) * 1.3091972)"
7,2.3023725,"((m1 - r) * (0.022022203 * m2))"
9,2.0630147,"((m1 + m2) + ((-0.8419453 * r) / 0.28970206))"
11,0.17421602,"(m1 + (((0.13372406 * m2) ^ 1.700564) - (r / 0.5194965)))"
13,0.106419116,"((m1 + 1.7004038) + ((((0.13435298 * m2) ^ 1.7004021) - r) - r))"
15,0.101219624,"(m1 + ((((0.14203717 * (m2 - (1.4621291 * -0.7004414))) ^ 1.6648834) - r) - r))"
17,0.10012283,"(m1 + ((((((0.14203717 * (m2 + -0.76409155)) + 0.19546448) ^ 1.6648834) - r) - -0.46758884) - r))"
