Complexity,Loss,Equation
1,7.0877166,"51.340828"
3,5.510205,"(m2 - 12.936338)"
5,3.7945578,"((m2 - r) * 1.2680374)"
7,2.7215285,"(((m1 + m2) + -46.455036) - r)"
9,0.07466723,"(m2 + (((m1 - r) + -23.399378) - r))"
11,0.07247073,"((m1 + -23.4759) + ((m2 - (r ^ 0.9989333)) - r))"
15,0.07226359,"(((m1 + -23.4759) - (1.5360374 / m1)) + ((m2 - r) - (r * 0.99555993)))"
17,0.072255455,"(((m1 + -23.4759) - (1.5360374 / (m1 + -1.1128873))) + ((m2 - r) - (r * 0.99555993)))"
19,0.07013314,"(((m1 + ((m2 - r) + -23.399378)) - r) - ((r ^ -0.97204643) / ((m2 - r) + -23.399378)))"
