Complexity,Loss,Equation
1,7.8836026,"48.347294"
3,5.738541,"(1145.5859 / r)"
5,4.237699,"((m2 / 0.050240032) / r)"
7,2.2215714,"((m2 + (m1 + -47.37901)) - r)"
9,0.07076969,"(((m1 + -23.430136) + m2) - (r + r))"
11,0.06462403,"(((m1 - (r - -23.041649)) - r) + (m2 / 1.0067451))"
15,0.06438325,"(((m1 - (r + (-0.10461359 * (-0.057186853 * m2)))) - (r - m2)) + -23.082848)"
19,0.06309344,"((((m1 - -0.9797033) - r) - ((m2 * -0.98814243) + (r - -23.298689))) + ((1.3665757 - r) / m2))"
