Complexity,Loss,Equation
1,7.8605127,"50.277035"
3,5.9228773,"(m2 - 13.17471)"
5,4.454804,"((m2 - r) / 0.7464103)"
7,1.8171066,"((m2 - r) * (0.02193049 * m1))"
9,0.07500108,"((((m2 - r) + m1) - r) + -23.436192)"
11,0.0698377,"(((((m2 - r) * 1.006029) - r) + m1) - 23.67486)"
13,0.069600485,"((((((m2 - r) / 0.9936616) - r) + m1) + -0.48492706) - 23.204166)"
15,0.06866309,"(((((m2 + 1.2768945) - (r + (r - 0.82095456))) / 0.9945686) + -25.632694) + m1)"
19,0.06865692,"(((((m2 + 1.2768945) - ((r + (r - 0.82095456)) + (-0.13765272 / m1))) / 0.9945686) + -25.632694) + m1)"
