Complexity,Fitness,Equation 0
1,0.54009897,X
3,0.19931954,1.64**X
5,0.034411293,1.91**(X - 1.42)
7,0.014544904,1.99**(X - 1.74) + 0.385
