Complexity,Fitness,Equation 0
1,0.54009897,X
3,0.19923858,1.64**X
5,0.03440326,0.396*1.91**X
7,0.014496293,2.0**(X - 1.77) + 0.414
11,0.0141641125,1.39**(X - 2.55) + 2.17**(X - 2.41)
13,0.0134568,1.44**(X - 2.19) + 2.2**(X - 2.54) + 0.0611
