Complexity,Fitness,Equation 0
1,0.54009897,X
3,0.19930188,1.64**X
5,0.034491953,1.91**(X - 1.42)
7,0.014329316,0.295*2.0**X + 0.411
13,0.013381603,0.37*1.55**X + 0.113*2.23**X + 0.138
