Complexity,Fitness,Equations
1,0.54009897,X
3,0.19924085,1.64**X
5,0.034463648,1.91**(X - 1.43)
7,0.014389755,2.0**(X - 1.76) + 0.408
9,0.013449714,0.184*2.14**X + 0.184*X + 0.435
13,0.012736383,0.246*2.05**X + 0.0762*X + 0.406
