Complexity,Fitness,Equations
1,0.54009897,X
3,0.19923769,1.64**X
5,0.034412764,0.399*1.91**X
7,0.014427757,0.293*2.0**X + 0.415
9,0.014099001,0.177*2.16**X + 0.177*X + 0.45
11,0.0133093735,1.43**(X - 2.05) + 2.21**(X - 2.59)
13,0.013136218,0.217*2.09**X + 0.0925*X + 0.476
