Complexity,Fitness,Equations
1,0.54009897,X
3,0.19923906,1.64**X
5,0.034371663,1.91**(X - 1.43)
7,0.014439518,1.99**(X - 1.75) + 0.395
13,0.012887605,1.38**(X - 1.09) + 1.97**(X - 4.72)*X
