Complexity,Fitness,Equations
1,0.54009897,X
3,0.199239,1.64**X
5,0.034362316,1.91**(X - 1.42)
7,0.014433479,2.0**(X - 1.76) + 0.415
11,0.011884895,1.34**(X - 2.51) + 2.16**(X - 2.37)
