Complexity,Fitness,Equation 0
1,0.54009897,X
3,0.19927913,1.64**X
5,0.03451987,1.91**(X - 1.44)
7,0.014330835,2.0**(X - 1.77) + 0.412
13,0.014019592,2.04**(X - 1.91) + 0.0656*X + 0.378
