Complexity,Fitness,Equations
1,0.54009897,X
3,0.19923571,1.64**X
5,0.03444222,1.91**(X - 1.43)
7,0.014385741,2.0**(X - 1.75) + 0.401
11,0.011664272,1.36**(X - 2.26) + 2.21**(X - 2.49)
