Complexity,Fitness,Equation 0
1,0.54009897,X
3,0.19924222,1.64**X
5,0.0343767,1.91**(X - 1.42)
7,0.014601516,1.99**(X - 1.74) + 0.384
11,0.013458183,2.09**(X - 2.05) + 0.0733*X + 0.46
