Complexity,Fitness,Equations
1,0.54009897,X
3,0.19923475,1.64**X
5,0.034402695,1.91**(X - 1.43)
7,0.014410104,2.0**(X - 1.76) + 0.411
11,0.011590065,1.43**(X - 1.65) + 2.31**(X - 2.81)
