Complexity,Fitness,Equation 0
1,0.54009897,X
3,0.19923556,1.64**X
5,0.0344088,1.91**(X - 1.43)
7,0.014463491,2.0**(X - 1.76) + 0.415
9,0.014447048,2.0**(X - 1.76) + 0.411
11,0.01186265,1.15**X + 2.13**(X - 2.22) - 0.564
