Complexity,Fitness,Equation 0
1,0.54009897,X
3,0.1992807,1.64**X
5,0.03447254,1.91**(X - 1.43)
7,0.014577275,1.99**(X - 1.75) + 0.393
11,0.0128404675,2.06**(X - 1.97) + 0.0826*X + 0.428
