Complexity,Fitness,Equations
1,0.54009897,X
3,0.19923605,1.64**X
5,0.034438975,0.392*1.91**X
7,0.014482957,0.295*2.0**X + 0.41
