Complexity,Fitness,Equations
1,0.54009897,X
3,0.19923581,1.64**X
5,0.03441961,1.91**(X - 1.43)
7,0.014382513,2.0**(X - 1.76) + 0.408
