Complexity,Fitness,Equation 0
1,0.54009897,X
3,0.19924541,1.64**X
5,0.03440261,0.399*1.91**X
7,0.014518735,1.99**(X - 1.74) + 0.394
13,0.0142026,0.416*1.53**X + 0.416*2.23**(X - 1.62) + 0.053
