Complexity,Fitness,Equations
1,0.54009897,X
3,0.19923644,1.64**X
5,0.034415375,1.91**(X - 1.43)
7,0.014554241,2.0**(X - 1.76) + 0.406
11,0.013673541,1.34**(X - 2.58) + 2.15**(X - 2.33)
13,0.012769711,1.43**(X - 1.92) + 2.29**(X - 2.75) + 0.0679
