Complexity,Fitness,Equation 0
1,0.54009897,X
3,0.19924222,1.64**X
5,0.03443451,0.399*1.91**X
7,0.014519932,2.0**(X - 1.76) + 0.409
9,0.01441153,2.0**(X - 1.76) + 0.405
11,0.012722984,1.41**(X - 1.74) + 2.3**(X - 2.76)
