Complexity,Fitness,Equation 0,Equation 1
2,0.98444384,0.0404,-0.358
4,0.93209577,0.0440,-0.325*x1
6,0.81122863,-0.23*x0*x1,-0.303
8,0.2777732,x0*(1.1 - 0.4*x1),-0.365
10,0.2287773,x0*(1.1 - 0.401*x1),-0.315*x1
12,0.18275769,x0*(1.1 - 0.401*x1),0.237*x0 - 0.963
14,0.013835924,x0*(1.08 - 0.396*x1),x1*(0.0984*x0 - 0.393)
16,0.008324092,x0*(1.1 - 0.401*x1),x1*(0.101*x0 - 0.409)
