Complexity,Fitness,Equation 0,Equation 1
2,0.97870433,x0,-0.309
4,0.85172164,x0**0.751,-0.382
6,0.70284873,-0.322*x0*x1,-0.319
8,0.28077707,-0.4*x0*(x1 - 2.75),-0.364
10,0.18424463,-0.399*x0*(x1 - 2.75),-0.39*x1
12,0.18373132,-0.399*x0*(x1 - 2.75),-0.398*x1
14,0.050986685,-0.393*x0*x1 + x0,x1*(0.0977*x0 - 0.377)
16,0.0019349286,-0.399*x0*(x1 - 2.75),0.1*x0*x1 - 0.401*x1
