Complexity,Fitness,Equation 0,Equation 1
2,0.97918653,0.0214,-0.479
4,0.89018315,2.79 - x1,-0.444
6,0.7186786,-0.2*x0*x1,-0.441
8,0.27062824,x0*(1.1 - 0.401*x1),-0.531
10,0.23096925,-0.401*x0*(x1 - 2.76),-0.327*x1
12,0.17866547,x0*(1.1 - 0.399*x1),0.271*x0 - 1.05
14,0.01058974,x0*(1.09 - 0.397*x1),0.103*x1*(x0 - 3.91)
16,0.0029585857,x0*(1.1 - 0.399*x1),0.225*x1*(0.443*x0 - 1.78)
