Complexity,Fitness,Equation 0,Equation 1
2,0.99016315,0.0199,-0.304
4,0.9484213,0.0166,-0.346*x1
6,0.6456536,-0.256*x0*x1,-0.231
8,0.24811667,x0*(1.1 - 0.401*x1),-0.308
10,0.2092292,x0*(1.11 - 0.4*x1),-0.324*x1
12,0.15074883,x0*(1.11 - 0.402*x1),0.0685*x0*x1
14,0.14402504,x0*(1.1 - 0.401*x1),0.0801*x0*x1
16,0.0188295,x0*(1.09 - 0.4*x1),0.103*x0*x1 - 0.421*x1
18,0.0077456003,x0*(1.1 - 0.398*x1),0.101*x0*x1 - 0.408*x1
