Complexity,Fitness,Equation 0,Equation 1
2,0.9729278,0.0588,-0.461
4,0.8192713,2.49 - x1,-0.428
6,0.7943856,-0.203*x0*x1,-0.416
8,0.27894148,x0*(1.1 - 0.4*x1),-0.502
10,0.22700383,x0*(1.1 - 0.402*x1),-0.351/x0
12,0.15785481,x0*(1.1 - 0.402*x1),0.253*x0 - 1.02
14,0.004442948,x0*(1.1 - 0.4*x1),0.0994*x1*(x0 - 4.04)
16,0.0026220777,x0*(1.1 - 0.4*x1),0.0994*x1*(x0 - 4.02)
18,0.0026050198,x0*(1.1 - 0.4*x1),0.101*x1*(x0 - 3.97)
