Complexity,Fitness,Equation 0,Equation 1
2,0.95216614,x0,-0.279
4,0.88442653,x0,-0.38*x1
6,0.4894488,-0.301*x0*x1,-0.284
8,0.25042042,-0.4*x0*(x1 - 2.75),-0.288
10,0.18244992,-0.4*x0*(x1 - 2.75),-0.381*x1
12,0.14053193,-0.4*x0*(x1 - 2.75),0.0805*x0*x1
14,0.02619876,-0.391*x0*x1 + x0,x1*(0.101*x0 - 0.41)
16,0.0078610685,-0.398*x0*(x1 - 2.72),x1*(0.1*x0 - 0.395)
18,0.0034654995,-0.4*x0*x1 + 1.1*x0,x1*(0.101*x0 - 0.401)
