Complexity,Fitness,Equation 0,Equation 1
2,0.972341,0.149,-0.323
4,0.69086385,2.72 - x1,-0.329
6,0.67387736,2.73 - x1,-0.149*x1
8,0.272663,x0*(1.11 - 0.406*x1),-0.382
10,0.23549744,x0*(1.1 - 0.4*x1),-1.04/x0
12,0.15211758,0.405*x0*(2.69 - x1),0.242*x0 - 0.798
14,0.07349516,0.393*x0*(2.83 - x1),-0.0863*x1*(4.48 - x0)
16,0.0037352943,0.4*x0*(2.75 - x1),0.153*x1*(0.651*x0 - 2.62)
20,0.0033879557,0.4*x0*(2.75 - x1),0.153*x1*(0.651*x0 - 2.61)
