Complexity,Fitness,Equation 0,Equation 1
2,0.971885,x0,-0.282
4,0.90165484,x0,-0.385*x1
6,0.49062553,-0.288*x0*x1,-0.264
8,0.2566803,0.4*x0*(2.75 - x1),-0.331
10,0.18740982,0.399*x0*(2.74 - x1),-0.385*x1
12,0.18310572,-0.394*x0*(x1 - 2.71),0.0983*x0*x1
14,0.007550784,-0.4*x0*(x1 - 2.72),-0.102*x1*(3.94 - x0)
