Complexity,Fitness,Equation 0,Equation 1
2,0.9888963,0.0185,-0.305
4,0.944216,0.0190,-0.312*x1
6,0.7048771,-0.24*x0*x1,-0.298
8,0.26715076,x0*(1.1 - 0.399*x1),-0.284
10,0.22627535,x0*(1.11 - 0.402*x1),-0.366*x1
12,0.18562706,x0*(1.1 - 0.407*x1),0.069*x0*x1
14,0.04276278,x0*(1.11 - 0.402*x1),0.0977*x1*(x0 - 3.26)
16,0.0057273447,x0*(1.11 - 0.403*x1),0.101*x1*(x0 - 3.98)
