Complexity,Fitness,Equation 0,Equation 1
2,0.98890024,0.0233,-0.289
4,0.94446796,0.0187,-0.32*x1
6,0.70652443,-0.239*x0*x1,-0.297
8,0.26457387,-0.4*x0*(x1 - 2.75),-0.291
10,0.2204395,-0.4*x0*(x1 - 2.75),-0.337*x1
12,0.18718614,-0.4*x0*(x1 - 2.75),0.291*x0 - 0.291*x1
14,0.011919008,-0.401*x0*(x1 - 2.75),x1*(0.103*x0 - 0.396)
16,0.004176351,-0.4*x0*(x1 - 2.75),x1*(0.0996*x0 - 0.391)
