Complexity,Fitness,Equation 0,Equation 1
2,0.9724342,0.0930,-0.417
4,0.8024102,2.52 - x1,-0.432
6,0.7571394,-0.145*x0*x1,-0.415
8,0.27009255,-0.4*x0*(x1 - 2.75),-0.430
10,0.25342402,-0.4*x0*(x1 - 2.75),-0.313*x1
12,0.14620988,-0.401*x0*(x1 - 2.75),0.323*x0 - 1.01
14,0.0218629,x0*(1.13 - 0.405*x1),-0.0966*x1*(3.98 - x0)
16,0.009723743,x0*(1.09 - 0.397*x1),-0.101*x1*(4.0 - x0)
18,0.0074505135,-0.401*x0*(x1 - 2.75),0.271*x1*(0.371*x0 - 1.45)
