Complexity,Fitness,Equation 0,Equation 1
2,0.9858064,0.0365,-0.372
4,0.93908834,0.0318,-0.344*x1
6,0.7407909,-0.261*x0*x1,-0.338
8,0.27170208,x0*(1.1 - 0.398*x1),-0.300
10,0.232313,-0.406*x0*(x1 - 2.74),-0.322*x1
12,0.19405594,-0.401*x0*(x1 - 2.76),0.209*x0 - 0.851
14,0.024860386,-0.403*x0*(x1 - 2.74),x1*(0.105*x0 - 0.437)
16,0.0050465087,x0*(1.11 - 0.401*x1),0.101*x1*(x0 - 4.02)
