Complexity,Fitness,Equation 0,Equation 1
2,0.9648229,0.118,-0.423
4,0.8054856,2.55 - x1,-0.552
6,0.792129,1.86 - 0.702*x1,-0.455
8,0.26782778,-0.399*x0*(x1 - 2.74),-0.452
10,0.24068637,-0.399*x0*(x1 - 2.75),-0.203*x1
12,0.15070711,-0.401*x0*(x1 - 2.76),0.225*x0 - 0.895
14,0.12927169,-0.399*x0*(x1 - 2.75),0.203*x0 - 0.203*x1 - 0.38
16,0.016395204,-0.401*x0*(x1 - 2.79),0.101*x1*(x0 - 3.98)
18,0.011004822,-0.399*x0*(x1 - 2.75),0.0986*x0*x1 - 0.407*x1
