Complexity,Fitness,Equation 0,Equation 1
2,0.97314453,0.0823,-0.465
4,0.89391613,2.75 - x1,-0.403
6,0.79854727,0.519*x0/x1,-0.404
8,0.29636753,x0*(1.1 - 0.401*x1),-0.517
10,0.24773388,0.401*x0*(2.75 - x1),-0.302*x1
12,0.17250463,0.401*x0*(2.75 - x1),0.236*x0 - 0.89
14,0.032136876,-0.401*x0*(x1 - 2.75),0.1*x1*(x0 - 3.61)
16,0.002367606,x0*(1.1 - 0.4*x1),0.1*x1*(x0 - 3.98)
