Complexity,Fitness,Equation 0,Equation 1
2,0.97772545,0.00186,-0.303
4,0.84033024,0.00433,-0.393*x1
6,0.80944765,-0.201*x0,-0.4*x1
8,0.34708822,-0.4*x0*(x1 - 2.75),-0.300
10,0.20958687,-0.4*x0*(x1 - 2.75),-0.394*x1
12,0.17889437,0.396*x0*(2.74 - x1),0.331*x0 - 0.331*x1
14,0.0036510811,-0.4*x0*(x1 - 2.75),-0.101*x1*(3.96 - x0)
