Complexity,Fitness,Equation 0,Equation 1
2,0.8839312,x0,-0.252
4,0.8209375,x0,-0.366*x1
6,0.61485165,-0.258*x0*x1,-0.284
8,0.2365746,x0*(1.1 - 0.399*x1),-0.232
10,0.17517583,x0*(1.11 - 0.401*x1),-0.39*x1
12,0.17356794,x0*(1.1 - 0.401*x1),-0.369*x1
14,0.037188794,-0.389*x0*x1 + x0,x1*(0.0988*x0 - 0.399)
16,0.0038512403,-0.401*x0*x1 + 1.1*x0,x1*(0.0988*x0 - 0.399)
18,0.0038470079,-0.401*x0*x1 + 1.1*x0,x1*(0.0988*x0 - 0.399)
