Complexity,Fitness,Equation 0,Equation 1
2,0.97200257,0.0558,-0.447
4,0.8102864,2.48 - x1,-0.440
6,0.7868967,2.47 - x1,-0.278*x1
8,0.2812862,-0.4*x0*(x1 - 2.75),-0.483
10,0.25872946,-0.399*x0*(x1 - 2.75),-0.295*x1
12,0.14948903,-0.4*x0*(x1 - 2.75),0.269*x0 - 1.0
14,0.006361822,-0.399*x0*(x1 - 2.74),x1*(0.0995*x0 - 0.394)
