Complexity,Loss,Equation
1,2.7275,"X"
3,1.0062625,"(1.636451 ^ X)"
5,0.17381348,"(1.9075576 ^ (-1.4233652 + X))"
7,0.07298981,"(((2.0032082 ^ X) - -1.4325289) / 3.4365869)"
11,0.06702485,"(((1.9845616 ^ X) / (3.241927 - (-0.040169682 ^ X))) + 0.3716523)"
13,0.056882937,"(((1.9845616 ^ X) / (3.241927 - ((-0.040169682 ^ X) * 0.3716523))) + 0.3716523)"
15,0.05366188,"(((1.9845616 ^ X) / (3.241927 - ((-0.040169682 ^ X) * (0.3716523 - X)))) + 0.3716523)"
17,0.031486034,"(((1.9665775 ^ X) / (3.128369 - (((-0.07854711 * X) ^ X) * X))) + (0.2563978 ^ 0.7457112))"
