Complexity,Loss,Equation
1,2.7275,"X"
3,1.0062735,"(1.6364341 ^ X)"
5,0.17402354,"(1.9086319 ^ (X - 1.4275234))"
7,0.0721503,"((1.9973292 ^ (X - 1.758259)) + 0.40875915)"
9,0.07203617,"(((1.9973292 ^ (X - 1.758259)) + 0.20405845) + 0.20405845)"
11,0.05771093,"(((2.1305487 ^ (X - 2.1898117)) + 0.4545967) - (-0.14851557 * X))"
13,0.053784203,"(((2.1305487 ^ (X - 2.1898117)) + 0.4545967) + ((0.1458256 * X) * 1.0425494))"
17,0.051889665,"(((1.9996492 ^ (X - 1.7653868)) - -0.40587902) + (-0.006317091 / (((-0.40587902 / 0.34241524) * 0.81104547) - X)))"
