Complexity,Loss,Equation
1,2.7275,"X"
3,1.0061756,"(1.6365875 ^ X)"
5,0.17429605,"(0.5245016 ^ (1.4194185 - X))"
7,0.07462169,"((0.50399923 ^ (1.7130349 - X)) + 0.3547035)"
9,0.07462147,"(((0.50399923 ^ (1.7130349 - X)) + 0.014347022) + 0.34032917)"
13,0.05476235,"(((0.50619495 ^ (1.6835599 - X)) + 0.31958333) - (-0.0425151 / (0.5245016 + X)))"
15,0.054487433,"(((0.50619495 ^ (1.6835599 - X)) + 0.31958333) - (0.04304963 / ((-0.48309013 - 0.039845698) - X)))"
17,0.053237975,"(((0.50619495 ^ (1.6835599 - X)) - (-0.09213368 / (((X - -1.0267044) + X) ^ X))) - -0.31885314)"
19,0.047894273,"(((0.50619495 ^ (1.6835599 - X)) + 0.31958333) - (0.04304963 / (((-0.48309013 - (2.9146173 - -0.3507845)) - 1.0908046) + X)))"
