Complexity,Loss,Equation
1,2.7275,"X"
3,1.0062988,"(1.6363946 ^ X)"
5,0.17440867,"((1.9194067 ^ X) / 2.6019955)"
7,0.07271791,"(((2.0014634 ^ X) / 3.4181643) - -0.4144274)"
9,0.072717674,"(((2.0014634 ^ X) + (2.0014634 ^ 0.5014876)) / 3.4181643)"
11,0.06185221,"(((2.00123 ^ X) / (3.4188397 + (-0.045189124 ^ X))) + 0.42522174)"
13,0.05125044,"(((2.00123 ^ X) / (3.4188397 + ((0.0481302 ^ X) * X))) + 0.42522174)"
15,0.05031795,"(((2.00123 ^ X) / (3.4187107 + ((0.07784076 ^ (X * 1.1061437)) * X))) + 0.42522174)"
19,0.049955018,"(((2.00123 ^ X) / (3.4187107 + ((((0.07784076 ^ (X * 1.1061437)) * X) * X) * X))) + 0.42522174)"
