Complexity,Loss,Equation
1,2.7275,"X"
3,1.0063156,"(1.636368 ^ X)"
5,0.17500779,"(1.9101784 ^ (X - 1.4343922))"
7,0.0731289,"((1.9985923 ^ (X - 1.761788)) - -0.40878823)"
9,0.07312866,"((1.9985923 ^ (X - 1.761788)) - (-0.223765 * 1.8066918))"
11,0.064126894,"((2.090927 ^ (X - 2.1273155)) + (0.4118633 * (1.2803563 ^ X)))"
13,0.056881793,"((1.9912977 ^ (X - 1.738606)) - (-0.39111075 + (-0.0020905354 / (-1.0151361 - X))))"
15,0.052506447,"(((1.9765421 ^ (X - 1.6846772)) + (0.045231126 / ((1.9132098 - -2.880828) - X))) - -0.27639335)"
17,0.047856286,"(((1.9765421 ^ (X - 1.6846772)) + (0.045231126 / (((1.9902772 - -2.880828) - X) + -0.034871865))) - -0.27639335)"
