Complexity,Fitness,Equation 0
1,0.49099997,y
4,0.46749997,log(pred - 0.668)
5,0.02849996,pred + y/pred
7,0.025999963,pred + 0.988*y/pred
9,0.024999946,2*pred + 1.96*y/pred
