Complexity,Fitness,Equation 0
1,0.49949998,-0.911
4,0.49149996,log(pred - 0.287)
5,0.061499953,pred**((-0.181)**y)
7,0.019999951,y/pred**0.941 + pred
11,0.01899995,(pred - 1.57)**y*(pred - y)
