Complexity,Fitness,Equation 0
1,0.48699996,y
3,0.47949997,y/pred
4,0.45349997,log(pred - 0.864)
5,0.02349995,pred + y/pred
7,0.02049996,pred + 0.864*y/pred
11,0.019499958,(pred - 2.85)*(pred + y)*(y - 0.158)
