Complexity,Fitness,Equation 0
1,0.48299998,0.743
4,0.46049997,log(pred - 0.173)
5,0.02349995,pred**(0.678 - y)
6,0.021499962,exp(pred**(0.77 - y))
7,0.01899995,(pred**2)**(0.853 - y)
8,0.01849997,exp(pred**(0.596 - 0.905*y))
10,0.01699996,exp(pred**(0.264*pred - y + 0.702))
