Complexity,Fitness,Equation 0
1,0.5115,pred
3,0.48849997,0.00587**pred
4,0.44149995,log(pred - 0.767)
5,0.015999973,(1.43 - y)**pred
7,0.011999965,(1.14 - y)**(pred + 0.616)
