Complexity,Fitness,Equation 0
1,0.49549997,-0.483
5,0.022999942,pred*(0.484 - y)
7,0.015999943,pred*(0.513*pred - y)
9,0.012499943,pred*(0.652*pred - y - 0.16)
