Complexity,Fitness,Equation 0
1,0.49449998,pred
4,0.49049997,log(0.297 - pred)
5,0.019999966,pred + y/pred
7,0.014999956,y/pred**0.916 + pred
9,0.014999941,0.881*pred + y/(pred + 0.0902)
