Complexity,Fitness,Equation 0
1,0.48349997,0.978
5,0.019499958,pred*(0.498 - y)
6,0.016499966,pred + exp(-pred + y)
7,0.013999954,pred*(0.428*pred - y)
8,0.012499943,pred + 0.978*exp(-pred + y)
10,0.011499941,pred + exp(-pred**1.15 + y)**0.922
