Complexity,Fitness,Equation 0
1,0.34499997,y6
3,0.34374997,y6 - 0.0446
5,0.33749998,y2 + 0.375*y6
7,0.32375,y4*y6 + y6 + 0.108
9,0.3225,y4*(y6 - 0.107) + y6 + 0.0763
