Complexity,Fitness,Equation 0
1,0.34499997,y6
3,0.34374997,y6 - 0.039
5,0.33999997,(y6 + 0.0416)**29.2
7,0.33374998,(y6 + 0.0373)**(y4/y1)
