Complexity,Fitness,Equation 0
1,0.425,y6
3,0.34875,y6 - 0.0694
5,0.32999998,y3 + y6 - 0.541
7,0.31875,y2 - 0.688*y4 + 0.688*y6
9,0.3175,y2 - 0.641*y4 + 0.641*y6 + 0.0261
