Complexity,Fitness,Equation 0
1,0.425,y6
3,0.34875,y6 - 0.0778
5,0.32375,y2 + y6**0.935
13,0.3225,1.73*y2 + y6 + (y2/y6 + y6)**y2
