Complexity,Fitness,Equation 0
1,0.55625,y6
3,0.35249996,y6 - 0.0373
5,0.33999997,-y5 + y6 + 0.39
7,0.32625,y5*(y3 - 0.745) + y6
13,0.325,0.365*y4 - 0.558*y5 + y6 + 0.0472
