Complexity,Fitness,Equation 0
1,0.55625,y6
3,0.35249996,y6 + 0.0726
5,0.31125,y2 + 0.406*y6
10,0.31,(0.347*y6 + sin(y2) - 0.00472)**y4
