Complexity,Fitness,Equation 0
1,0.43124998,y6
3,0.36249998,y6 - 0.107
4,0.32125,sin(y6**(-2.54))
