Complexity,Fitness,Equation 0
1,0.43124998,y6
3,0.36249998,y6 - 0.121
5,0.33749998,-y5 + y6 + 0.467
6,0.3275,-y5 + y6 + cos(y1)
8,0.32625,-y5 + y6 + cos(y1) - 0.201
9,0.325,-1.83*y4*(y1 + 0.595) + y6
