Complexity,Fitness,Equation 0
1,0.39625,y6
3,0.36874998,y6 + 0.0265
5,0.33499998,-0.369*y2 + y6
6,0.33374998,y6 + sin(y1) - 0.838
7,0.33124998,y2*(y2 + y4) + y6
9,0.32375,y1*y2*(0.765 - y4) + y6
