Complexity,Fitness,Equation 0
1,0.35375,y6
5,0.34249997,y6*(y1 + 0.293)
7,0.3275,2.63*y2 + y6 - 0.235
