Complexity,Fitness,Equation 0
1,0.505,y6
3,0.34749997,y6 + 0.0537
5,0.33625,-y5 + y6 + 0.74
7,0.33499998,-1.52*y5 + y6 + 0.564
8,0.325,-1.55*y5 + y6 + cos(y4)
11,0.32,y1 + y2 + y3 - y5 + y6 - 1.92
