Complexity,Fitness,Equation 0
1,0.36374998,y6
3,0.3625,y6 + 0.0222
5,0.345,-0.3*y2 + y6
6,0.34249997,y3*sin(y2) + y6
7,0.33499998,y3*(y6 - 0.0344) + y6
9,0.32625,y3*(-0.0586*y2 + y6) + y6
10,0.32375,-1.04*y1 + y6 + cos(y2 - 0.337)
