Complexity,Fitness,Equation 0
1,0.52125,y6
3,0.36625,-y5 - 0.0422
5,0.33749998,0.198*y3 + y6
8,0.3125,y6 - sin(0.564/y4) - 0.00114
