Complexity,Fitness,Equation 0
1,0.52125,y6
3,0.36625,-y5 - 0.0442
5,0.33749998,0.201*y3 + y6
7,0.33249998,-0.692*y2 - 0.692*y5 + y6
9,0.32625,y2 + 0.454*y3 + 1.36*y6
