Complexity,Fitness,Equation 0
1,0.5775,y6
3,0.37125,-y5 + y6
5,0.34249997,-2.55*y4 + y6
7,0.33875,-y2 - y4 - 0.488*y5
9,0.33124998,y4*(-y4 - 0.591) + y6 + 0.125
11,0.3275,y4**2*(-y4 - 0.421) + 0.666*y6
